{"1.68747811485082":[[1.552,1.8378],[1.7735,1.3044],[0.0819,1.6822],[0.9939,1.6146],[0.7786,0.9541],[1.0442,0.1114],[0.5692,0.4957],[1.0791,0.4803],[0.0498,1.0238],[1.916,1.6324],[0.6425,0.7297],[0.318,0.9279],[1.1719,0.5997],[1.247,1.1219],[1.1534,1.7604],[0.496,1.6721],[1.9173,1.8019],[1.8821,1.0848],[0.5602,1.2535],[0.2045,1.7023],[1.0242,1.6401],[0.1087,1.464],[0.182,1.8929],[0.3192,1.8188],[0.3543,1.0783],[0.5012,0.6149]],"1.01741673611104":[[0.0503,1.0427],[1.5144,0.4537],[1.4637,1.4295],[0.9444,1.8954],[0.6905,0.7936],[1.9858,0.3636],[0.1644,0.9888],[0.9172,0.6425],[1.8304,1.1804],[0.7794,0.5154],[1.1808,1.3168],[0.7941,0.5514],[0.7782,1.7538],[0.5981,1.9299],[0.3657,0.3226],[1.3167,0.6499],[0.0091,0.159]],"3.40430171135813":[[0.5863,0.7288],[0.6334,0.6081],[0.8102,1.7666],[0.9242,1.3219],[0.3666,0.3984],[0.0991,1.8896],[0.5209,0.6741],[1.0206,0.2297],[1.6954,1.7437],[1.8978,0.879],[1.7139,0.3281],[0.2719,1.7976],[0.3602,0.4477],[0.7338,1.923],[1.4506,1.285],[1.2198,1.3474],[0.0322,0.9139],[0.8782,1.8107],[0.5595,1.8947],[0.1087,0.3743],[0.5382,0.7296],[0.1663,1.0484],[0.1705,1.3486],[1.9287,0.6998],[1.3737,1.4708],[0.2665,0.3037],[1.8025,1.3141],[1.9072,1.2979],[1.9303,0.019],[0.427,0.7772],[1.4167,1.6173],[1.0973,1.9481],[0.6152,0.1553],[1.6005,1.9509],[1.2779,1.5692],[1.0642,1.2678],[0.6578,1.8272],[1.3871,1.2482],[0.2498,0.0047],[1.3524,1.9667],[1.9078,0.6043],[1.6362,0.2282],[0.2037,0.537],[1.1342,1.0494],[0.0355,1.5772],[0.4189,1.9237],[0.9232,0.7441],[1.2237,1.8003],[1.9931,0.5655],[0.4832,0.7394],[0.57,1.2691],[1.2972,1.7452],[1.5068,0.5296],[1.1336,1.4688],[0.2596,1.0753],[1.813,0.8414],[0.1819,0.051],[1.3078,1.7252],[1.6977,0.9979],[0.7024,1.687],[1.2578,1.4239],[0.979,0.1518],[1.8374,1.1663],[0.158,1.1688],[1.2959,1.2747],[0.8356,1.4013],[0.6005,0.5358]],"3.8890764163807":[[1.0351,1.5833],[1.0605,0.2221],[1.6266,0.5048],[0.918,0.1009],[1.8135,1.0217],[0.8748,1.7657],[1.0008,0.2587],[1.2305,0.0895],[1.3165,0.2681],[1.4008,0.4534],[0.8516,1.1524],[0.0434,1.951],[1.7176,0.4691],[1.9353,0.3738],[1.0913,1.207],[1.0591,0.5513],[1.5571,0.6182],[0.9997,1.0495],[0.8356,1.5142],[0.0292,1.4321],[1.3011,1.9632],[0.659,0.7748],[0.4225,0.2964],[1.9687,1.5927],[1.1651,1.0054],[1.8311,1.6073],[0.4086,0.8933],[1.1596,1.646],[0.3646,0.3698],[0.9068,1.9356],[1.0996,1.465],[1.8094,1.0447],[1.5788,1.6819],[0.3206,1.8506],[0.8314,1.3443],[0.5031,0.2677],[0.8445,0.5065],[1.9883,1.2227],[0.8565,0.8827],[1.5102,0.1483],[1.8036,0.2738],[1.564,0.7456],[0.1894,0.1717],[1.8906,0.9101],[0.8229,1.9892],[0.5518,0.329],[0.628,1.9364],[1.4142,1.3398],[0.3231,0.0909],[0.6701,1.1247],[0.1963,1.3113],[1.4502,1.6971],[1.4788,0.1724],[0.3924,0.3834],[0.9283,1.1935],[0.689,1.457],[1.3115,0.1845],[1.8315,1.242],[0.9027,1.6503],[1.7647,0.3612]],"2.70062869042158":[[0.9888,1.4672],[1.2878,1.2322],[0.8611,0.3595],[0.8529,1.9062],[0.3496,1.1833],[1.7662,0.363],[1.1976,1.9409],[1.5738,0.2862],[1.5106,0.166],[1.9765,1.0435],[1.0438,0.2283],[0.0987,1.7587],[1.2071,1.2934],[0.2956,1.5475],[0.9034,0.7932],[0.5537,0.5091],[1.3851,0.2216],[0.6423,0.6955],[1.7665,1.6399],[0.6844,1.3844],[0.8938,1.057],[0.7933,0.443],[0.8867,1.4737],[0.0701,0.7102],[0.0535,0.4694],[0.8022,0.8394],[1.5326,1.5655],[1.4448,0.799],[1.8984,0.0675],[1.2977,0.7638],[1.2864,1.2563],[0.968,1.2797],[1.7566,1.0189],[0.3523,1.8694],[1.0725,1.5671],[0.6811,0.6212],[0.1611,0.316],[1.2154,0.7065],[0.6861,0.8797],[0.2934,0.1566],[0.9112,0.9383],[0.6746,1.828],[1.247,0.1766],[0.7464,0.7068],[0.5628,1.5708],[1.3036,0.1058],[1.9802,0.0708],[1.1635,0.552]],"1.06947799026966":[[1.3801,0.3323],[0.9632,1.8513],[0.6975,1.6749],[1.722,0.9192],[0.433,0.386],[0.3581,0.9107],[0.0655,0.985],[0.6512,0.8894],[1.8579,0.1217],[1.3489,0.9525],[0.1053,1.2288],[0.8508,0.6796],[1.8839,1.369],[0.8095,0.473],[1.0467,0.6265],[1.5347,0.0381],[1.0836,1.2225],[1.533,1.5661],[1.6197,1.3734],[0.1637,0.0381],[0.8154,0.7243],[0.497,1.3717],[1.8708,1.2427],[1.0251,0.0939],[0.0448,0.6326]],"4.44483581744134":[[1.5074,1.3054],[1.5123,1.0015],[1.2413,1.2381],[0.2332,0.1208],[1.3739,0.9078],[1.9957,1.3294],[0.2326,0.1554],[1.8974,1.3626],[0.9153,0.8609],[1.1462,1.7634],[1.452,1.602],[1.2574,1.9089],[1.381,1.3837],[1.6201,0.233],[1.1731,0.8361],[0.5256,1.6442],[1.2339,1.6506],[1.3035,0.7897],[0.1096,0.5539],[1.9876,1.9954],[1.7723,0.8275],[0.6019,0.3652],[0.3918,0.6703],[1.5923,0.5832],[1.0104,1.287],[0.6985,1.4741],[1.0524,0.4896],[1.7644,0.2494],[0.9405,1.5139],[1.4494,0.9312],[1.5483,0.6828],[0.0101,1.9208],[0.8504,0.664],[1.0046,1.8206],[0.5001,0.8218],[1.0521,1.4305],[0.182,0.9977],[0.2333,1.2864],[1.7147,0.0065],[0.2004,0.1721],[0.0925,0.1861],[0.2862,1.9428],[1.4296,1.2318],[1.299,1.6179],[0.4999,1.7741],[1.9581,1.2845],[1.0446,0.4656],[1.6672,0.8291],[0.4942,1.5742],[1.8946,0.9739],[0.9329,1.358],[1.2142,0.8219],[0.0788,1.2137],[1.9592,1.9091],[1.1653,0.2277],[1.9909,0.3723],[0.4738,1.6311],[1.2446,0.017],[1.6276,1.7737],[1.273,1.0456],[0.165,1.2447],[1.067,1.5271],[1.6431,0.645],[1.7559,1.6706],[0.4385,1.9205]],"2.26796418242157":[[1.5678,0.084],[0.2072,1.7372],[0.6701,1.0951],[0.2464,1.5606],[1.381,0.3603],[0.8762,1.5503],[1.269,0.4019],[1.7114,1.0479],[1.8061,1.5272],[1.1476,0.5261],[1.5735,1.0052],[0.8185,1.0202],[0.8263,0.0655],[0.8228,1.0811],[0.6715,0.4034],[0.3963,1.5736],[1.2147,0.7036],[0.1085,1.2184],[1.7732,0.7813],[1.8778,1.5744],[1.4592,0.7718],[1.1759,1.9885],[0.2512,0.6116],[0.946,1.7501],[0.6775,0.4136],[1.6236,0.9314],[1.9147,1.9641],[1.0266,0.4428]],"1.74600617680699":[[0.8928,1.5717],[1.663,1.8444],[0.6548,0.5434],[0.0127,0.3662],[1.4348,1.6379],[0.9074,1.0645],[1.4676,0.8841],[1.3188,0.3552],[1.7213,1.301],[0.445,0.4653],[0.1217,0.4157],[0.4858,1.9422],[0.2851,0.6434],[1.4204,0.0571],[1.4102,1.1437],[1.5417,1.9318],[1.4563,0.8166],[0.0545,1.1691],[0.5628,0.8143],[1.0519,0.647],[0.5577,0.2667],[0.0416,0.4427],[1.4944,0.5841],[1.5079,0.7866],[0.4027,0.0231],[0.6486,1.121],[1.1539,0.4025]],"4.12984614260495":[[1.7556,1.3387],[1.799,1.358],[0.7678,1.1747],[0.5273,0.5479],[0.5235,0.7656],[1.2241,0.547],[0.9875,0.8062],[0.3833,1.3351],[0.7572,0.5239],[1.6611,1.7109],[0.6079,0.8508],[0.2893,0.2414],[1.1242,0.2855],[1.6871,0.2071],[1.9709,1.0514],[1.0082,1.5898],[0.3318,1.0877],[1.6765,0.3543],[1.7863,1.5838],[1.7596,0.7867],[0.4823,1.9948],[1.675,1.7147],[0.3926,1.6561],[0.4955,1.0158],[1.2109,0.0841],[0.3673,1.5794],[1.7189,1.7086],[1.9318,1.9148],[1.9339,0.74],[0.7394,1.8996],[1.1249,1.3969],[1.2994,0.4692],[1.2514,0.2264],[1.719,0.6695],[0.6284,0.3161],[1.9966,1.4157],[0.6056,0.1059],[0.1662,1.9934],[1.4807,1.1197],[0.2737,1.8923],[0.5163,0.7083],[1.0855,0.8914],[0.0329,0.1544],[1.7433,0.1441],[0.3809,1.8743],[1.313,0.3025],[1.1766,0.8741],[1.5219,1.2695],[0.8283,1.845],[1.4827,0.0885],[0.0627,1.5762],[0.2274,1.4239],[1.7039,1.1144]]}
